target,calibration_fraction,P123_R2,P13_R2,P123_Spearman,P13_Spearman,P123_Top10_overlap,P13_Top10_overlap,P123_MAE,P13_MAE,Delta_R2_P13_minus_P123,Delta_Spearman,Delta_Top10_overlap
TAWSS_vector_Pa,0.01,-0.071037106098583,-0.07233866047950999,0.3494436727561141,0.3567210644149914,0.3167082294264339,0.32418952618453867,0.4889645650324307,0.487068637083628,-0.0013015543809269808,0.007277391658877308,0.007481296758104772
TAWSS_vector_Pa,0.02,0.1900708016331544,0.18998886480394817,0.5785137962845072,0.5777770787985421,0.5239294710327456,0.5264483627204031,0.4250485517780495,0.4244440146666412,-8.193682920623613e-05,-0.0007367174859650438,0.0025188916876575096
TAWSS_vector_Pa,0.05,0.2339721614783497,0.23403955242803642,0.6708494679050235,0.67115479797423,0.587012987012987,0.587012987012987,0.407687685112686,0.4074854282902294,6.739094968671866e-05,0.00030533006920652195,0.0
TAWSS_vector_Pa,0.1,0.293844473387679,0.29386405222194956,0.6930041601434483,0.6933993341386521,0.6684931506849315,0.6684931506849315,0.4245965711402308,0.424511742680135,1.9578834270561618e-05,0.00039517399520372365,0.0
OSI,0.01,0.3217160622369657,0.2814821122623059,0.6202956030591166,0.5700032578703592,0.4463840399002494,0.42144638403990026,0.0619821598609326,0.06510372207908224,-0.04023394997465979,-0.05029234518875736,-0.02493765586034913
OSI,0.02,0.4611839349589417,0.43686118221831793,0.7025618513061296,0.6726116590618438,0.5390428211586902,0.5239294710327456,0.0525485487228471,0.05510693745720013,-0.024322752740623788,-0.029950192244285745,-0.015113350125944613
OSI,0.05,0.6029487801277216,0.599479692481198,0.8073753934588513,0.8011652849509406,0.6675324675324675,0.6649350649350649,0.0438467402243458,0.044453857138624965,-0.0034690876465235387,-0.0062101085079107055,-0.0025974025974025983
OSI,0.1,0.6984167472637621,0.6991662279542765,0.8540420437550034,0.8539618492422745,0.673972602739726,0.673972602739726,0.0366961539058112,0.03694124034093751,0.0007494806905143925,-8.019451272889278e-05,0.0
RRT_1_per_Pa,0.01,0.000290568127827,0.00024625447485082663,0.2723433539821444,0.3055882480433077,0.2743142144638404,0.27680798004987534,6.34118026378337,6.331326397738884,-4.4313652976173384e-05,0.03324489406116332,0.002493765586034924
RRT_1_per_Pa,0.02,0.001320427545011,0.0012624475767335497,0.4914397648841819,0.5240249120339161,0.3602015113350126,0.40302267002518893,6.101857644188722,6.092367674159604,-5.7979968277450293e-05,0.032585147149734206,0.04282115869017633
RRT_1_per_Pa,0.05,-0.0004717401662539,-0.00047390810947933737,0.7105876992831753,0.7124606909012793,0.5792207792207792,0.5792207792207792,5.959429218038227,5.962121417698376,-2.167943225437393e-06,0.0018729916181039474,0.0
RRT_1_per_Pa,0.1,-0.0004605918432611,-0.00046175853406049683,0.7514823924107872,0.7526865422789908,0.6,0.6027397260273972,6.13947522618823,6.140293547778249,-1.1666907993968336e-06,0.0012041498682036078,0.002739726027397249
peak_WSS_magnitude_Pa,0.01,-0.056494812856362,-0.06325380280597748,0.4896554291968251,0.48419054482735724,0.3067331670822942,0.24937655860349128,2.604563024461923,2.587965875585235,-0.0067589899496154765,-0.005464884369467848,-0.05735660847880292
peak_WSS_magnitude_Pa,0.02,0.210740199475606,0.18785334748605365,0.6368040757302685,0.631315347878831,0.5365239294710328,0.5415617128463476,2.2982321334085083,2.323159348293828,-0.022886851989552343,-0.005488727851437503,0.005037783375314797
peak_WSS_magnitude_Pa,0.05,0.302210666843721,0.28810248359424384,0.7319930834830494,0.7361133517087641,0.6051948051948052,0.6233766233766234,2.034979351237952,2.032110204970725,-0.014108183249477158,0.004120268225714763,0.018181818181818188
peak_WSS_magnitude_Pa,0.1,0.3901030069617673,0.38233279579290025,0.7417885551048689,0.7499475274228404,0.663013698630137,0.6547945205479452,2.00213148289161,1.9909616590122774,-0.007770211168867058,0.00815897231797158,-0.008219178082191858
VM_cycle_max_Pa,0.01,0.045937116601841,0.014273074554090437,0.2817103043088913,0.2510423113887853,0.2169576059850374,0.22942643391521197,899.6779936023911,917.7263821580177,-0.031664042047750564,-0.030667992920106024,0.012468827930174564
VM_cycle_max_Pa,0.02,0.2104104539534611,0.19084202819854457,0.4094916596588792,0.39439963206075934,0.3904282115869018,0.3929471032745592,824.6621414152038,832.1844779292178,-0.019568425754916546,-0.01509202759811984,0.0025188916876573986
VM_cycle_max_Pa,0.05,0.3167489879811023,0.3217672060058573,0.5689549763840062,0.5724280992289733,0.5064935064935064,0.509090909090909,728.6733740564075,730.864770694659,0.0050182180247549946,0.003473122844967147,0.0025974025974025983
VM_cycle_max_Pa,0.1,0.3718115599131496,0.37170532817458335,0.6215106001536707,0.6292611112635778,0.4821917808219178,0.4821917808219178,684.6413318218938,686.4983001338782,-0.00010623173856627588,0.007750511109907099,0.0
VM_stress_amplitude_Pa,0.01,0.0460007615831522,0.014614641840754894,0.281759624943234,0.25150243024113744,0.2169576059850374,0.22942643391521197,449.81963231546587,458.7182551034828,-0.03138611974239731,-0.030257194702096535,0.012468827930174564
VM_stress_amplitude_Pa,0.02,0.2103949996712146,0.19090450883136934,0.4094416907059784,0.39454611808308765,0.3904282115869018,0.3929471032745592,412.3233709463487,416.0565151264502,-0.019490490839845276,-0.014895572622890763,0.0025188916876573986
VM_stress_amplitude_Pa,0.05,0.3167811264978311,0.32185292576352653,0.5689974639775767,0.572469000626329,0.5064935064935064,0.509090909090909,364.3241654410945,365.40876095551926,0.005071799265695454,0.003471536648752327,0.0025974025974025983
VM_stress_amplitude_Pa,0.1,0.3718363099715823,0.37173020787849065,0.6215427931002823,0.6292687782266966,0.4821917808219178,0.4821917808219178,342.3068866574277,343.2396217559974,-0.00010610209309164231,0.007725985126414314,0.0
VM_temporal_mean_Pa,0.01,0.109959873355826,0.11215278864047729,0.4805932062279937,0.46518526991463616,0.1670822942643391,0.1596009975062344,216.03377880827892,215.56687227294978,0.0021929152846512923,-0.015407936313357518,-0.0074812967581046885
VM_temporal_mean_Pa,0.02,0.2482899089406534,0.2589085719782338,0.5356658192670744,0.5531380960188746,0.2972292191435768,0.35768261964735515,199.5530408302546,199.06446057687842,0.010618663037580411,0.017472276751800297,0.06045340050377834
VM_temporal_mean_Pa,0.05,0.4101902535136491,0.4011597961062954,0.6727585386110507,0.66726461459541,0.5064935064935064,0.5064935064935064,170.05934002524782,171.70659704539685,-0.009030457407353698,-0.00549392401564075,0.0
VM_temporal_mean_Pa,0.1,0.4591850683922007,0.4569252023706615,0.6924709884684469,0.6912927743387686,0.5424657534246575,0.5424657534246575,159.03352127978982,160.33031167645683,-0.002259866021539214,-0.0011782141296783344,0.0
