val_patient,target,calibration_fraction,n_calibration,R2,MAE,RMSE,Spearman,Top10_overlap
1,TAWSS_vector_Pa,0.01,82,0.32706675039111865,0.37046464968287485,0.902999465949278,0.7806538615262745,0.531442663378545
1,TAWSS_vector_Pa,0.02,164,0.3852905849835342,0.32523256154938546,0.8693421163725528,0.8076671934932477,0.6039850560398505
1,TAWSS_vector_Pa,0.05,410,0.40476318814547174,0.3091309376971467,0.8459264480606692,0.8313345070450696,0.62853470437018
1,TAWSS_vector_Pa,0.1,819,0.42082637351431984,0.28153302067366104,0.8401016641333355,0.8467112063018348,0.6784260515603799
1,OSI,0.01,82,0.6159138493613319,0.05781970710959651,0.07571314504049906,0.8001183981061813,0.5376078914919852
1,OSI,0.02,164,0.7211687529367123,0.04740196555674943,0.06444082347508748,0.8619768016719591,0.5703611457036114
1,OSI,0.05,410,0.7773236826029385,0.03985931951899526,0.057783524479455575,0.8973048447658964,0.609254498714653
1,OSI,0.1,819,0.8249006557071272,0.03504726853182542,0.05127322698332511,0.9198652983623726,0.6336499321573948
1,RRT_1_per_Pa,0.01,82,0.06413842764212341,2.6314927726801463,16.593194461982044,0.797854016168693,0.5967940813810111
1,RRT_1_per_Pa,0.02,164,0.06267191739676259,2.7022666899519185,16.594489868401034,0.8342837202247053,0.6039850560398505
1,RRT_1_per_Pa,0.05,410,0.06633515909958199,2.3463923046683464,16.83368914140143,0.8566903757126417,0.6311053984575835
1,RRT_1_per_Pa,0.1,819,0.0780065843604516,2.190816326401639,17.194253931251556,0.8748483610596834,0.6485753052917232
1,peak_WSS_magnitude_Pa,0.01,82,0.3923085473303587,1.958459778818835,4.574183662983911,0.8025183495928404,0.5388409371146733
1,peak_WSS_magnitude_Pa,0.02,164,0.44096725351736854,1.7773771071481572,4.412792874975685,0.822694269343037,0.5865504358655044
1,peak_WSS_magnitude_Pa,0.05,410,0.479327285860909,1.6486731995227202,4.219442011795291,0.8401852427832784,0.6143958868894601
1,peak_WSS_magnitude_Pa,0.1,819,0.48834983507902063,1.4883388300612943,4.205434198955851,0.8599793517942373,0.6675712347354138
1,VM_cycle_max_Pa,0.01,82,0.6425647989794945,1290.9535269679707,1755.389119470653,0.563739538048553,0.7990135635018496
1,VM_cycle_max_Pa,0.02,164,0.718326064717968,1151.2486778781852,1559.2870137169805,0.6443791112340066,0.8169364881693649
1,VM_cycle_max_Pa,0.05,410,0.7809017166494393,996.1000655497965,1378.5255021329754,0.7284531752932071,0.8354755784061697
1,VM_cycle_max_Pa,0.1,819,0.8141098729829668,902.9546296447577,1266.5895009256321,0.7861168404088885,0.8385345997286295
1,VM_stress_amplitude_Pa,0.01,82,0.6427391280945527,645.2790573293032,877.4804979545485,0.563872510518725,0.7990135635018496
1,VM_stress_amplitude_Pa,0.02,164,0.7183107054895589,575.6497112533154,779.6647628559286,0.6443845911252258,0.8169364881693649
1,VM_stress_amplitude_Pa,0.05,410,0.7809046794313278,498.0387193370223,689.258090671702,0.728482662416111,0.8354755784061697
1,VM_stress_amplitude_Pa,0.1,819,0.8140931064744401,451.5164647889742,633.323310023983,0.7860710337353951,0.8385345997286295
1,VM_temporal_mean_Pa,0.01,82,0.703986989995484,299.4927689640033,419.81627456382836,0.7158790654584825,0.8187422934648582
1,VM_temporal_mean_Pa,0.02,164,0.7541845375654476,272.0737832469954,382.741259932576,0.7603987857879336,0.8244084682440846
1,VM_temporal_mean_Pa,0.05,410,0.8087895050149959,235.50682411992153,338.475474354361,0.8136074028603206,0.8444730077120822
1,VM_temporal_mean_Pa,0.1,819,0.8388380335973528,210.77490596860937,309.7965580229722,0.8465862720561882,0.8575305291723202
2,TAWSS_vector_Pa,0.01,68,0.4834277051377499,0.5438924073748739,1.4172783258388877,0.860970606402847,0.5884101040118871
2,TAWSS_vector_Pa,0.02,136,0.5082962033795078,0.5038128817375528,1.386537617878881,0.8914779954582633,0.6036036036036037
2,TAWSS_vector_Pa,0.05,340,0.5567812879127318,0.44336699374793764,1.3078435425380839,0.9176058688115328,0.6362229102167183
2,TAWSS_vector_Pa,0.1,680,0.5549492404390564,0.4128342608746464,1.3032225430534856,0.9201706645978649,0.7091503267973857
2,OSI,0.01,68,0.4517027157926251,0.05435694958256167,0.07633701446202351,0.6885764739219811,0.23476968796433878
2,OSI,0.02,136,0.59849093748898,0.04564876356807132,0.06533914922405579,0.8211269862882206,0.2957957957957958
2,OSI,0.05,340,0.720672347158063,0.034416249510279516,0.05458591779073175,0.889836169808695,0.41640866873065013
2,OSI,0.1,680,0.7603673748195904,0.029597417575801786,0.05056632445186751,0.9039365944576163,0.5065359477124183
2,RRT_1_per_Pa,0.01,68,0.24739252537675138,2.3504924396238227,5.78885444468345,0.8126247347010853,0.4606240713224368
2,RRT_1_per_Pa,0.02,136,0.3774489277328086,1.8672643630472023,5.292827812358906,0.8589012419782757,0.5375375375375375
2,RRT_1_per_Pa,0.05,340,0.35580936421705167,1.5116922329186748,5.278337383092952,0.9047274961698826,0.5557275541795665
2,RRT_1_per_Pa,0.1,680,0.4341339107789417,1.3273564613067423,5.1448068415647565,0.9160211269092461,0.6715686274509803
2,peak_WSS_magnitude_Pa,0.01,68,0.45199705438701,3.0836493450839795,7.9877575809701735,0.8954992397015115,0.6329866270430906
2,peak_WSS_magnitude_Pa,0.02,136,0.5303954312758592,2.8686011404016334,7.408217226790822,0.9129789732823214,0.6381381381381381
2,peak_WSS_magnitude_Pa,0.05,340,0.5826551183517512,2.6062245547338136,6.966119659887473,0.9391547761161527,0.6099071207430341
2,peak_WSS_magnitude_Pa,0.1,680,0.5841626607997084,2.428522119704911,6.917503780972979,0.9414422857389894,0.6764705882352942
2,VM_cycle_max_Pa,0.01,68,0.08241359137894899,731.6879326999151,1077.3977627792592,0.4162380299656247,0.337295690936107
2,VM_cycle_max_Pa,0.02,136,0.266764879860632,653.2238792616437,963.8413279327314,0.5404733709586449,0.5135135135135135
2,VM_cycle_max_Pa,0.05,340,0.44405731684519123,549.6772477303551,840.4690275595109,0.6681598897669434,0.5309597523219814
2,VM_cycle_max_Pa,0.1,680,0.5501961695462383,481.25896835538066,752.4538134225837,0.7245552786843033,0.5866013071895425
2,VM_stress_amplitude_Pa,0.01,68,0.08241360038230061,365.8439647213689,538.6988787597403,0.4162380299656247,0.337295690936107
2,VM_stress_amplitude_Pa,0.02,136,0.266764888392636,326.6119382685886,481.9206611556693,0.5404733709586449,0.5135135135135135
2,VM_stress_amplitude_Pa,0.05,340,0.4440573238812474,274.83862246914055,420.2345111143017,0.6681598671099913,0.5309597523219814
2,VM_stress_amplitude_Pa,0.1,680,0.5501961750003879,240.62948280598755,376.2269044610525,0.7245553008288788,0.5866013071895425
2,VM_temporal_mean_Pa,0.01,68,0.16942021431404364,153.68308328462086,221.93972394271228,0.4486544628666971,0.4160475482912333
2,VM_temporal_mean_Pa,0.02,136,0.2884269001395755,140.8097036634341,205.75837530915805,0.5418352527615273,0.5195195195195195
2,VM_temporal_mean_Pa,0.05,340,0.511557012830903,115.90276648952847,170.5358916089476,0.684696403114994,0.6114551083591331
2,VM_temporal_mean_Pa,0.1,680,0.6198285942545491,101.00431994984963,149.48834797781885,0.7405151620465371,0.6454248366013072
3,TAWSS_vector_Pa,0.01,32,0.10747299885333983,0.15333833535480776,0.3444976701344359,0.31978147813023033,0.48264984227129337
3,TAWSS_vector_Pa,0.02,64,0.17152144310208528,0.15356023653098788,0.3313140994540494,0.40681506949394847,0.3343949044585987
3,TAWSS_vector_Pa,0.05,160,0.29786619262640746,0.12656084226361022,0.3090620870254378,0.6242165784550838,0.6118421052631579
3,TAWSS_vector_Pa,0.1,320,0.3813333322393325,0.11415861997004013,0.2935489355395826,0.7197211942260455,0.6597222222222222
3,OSI,0.01,32,0.123428682143361,0.07632308294743455,0.09176103743315711,0.403453731136084,0.15772870662460567
3,OSI,0.02,64,0.2989149661049487,0.06597612720439883,0.08206152059794679,0.5811910471316475,0.28662420382165604
3,OSI,0.05,160,0.4890738946900398,0.052848110545903014,0.07031809833132573,0.7353283503128796,0.3815789473684211
3,OSI,0.1,320,0.6152368091690595,0.04348971067201302,0.06099759508926431,0.8041529834525527,0.4652777777777778
3,RRT_1_per_Pa,0.01,32,0.010015237643719366,1.2967977576810077,2.3949074137647015,0.2757105503995115,0.10094637223974763
3,RRT_1_per_Pa,0.02,64,0.10069563263918202,1.1311533204562838,2.2932936595915545,0.4762924955248711,0.28343949044585987
3,RRT_1_per_Pa,0.05,160,0.1383256256412344,0.9917414536133087,2.2189784000572965,0.6456444519073674,0.3980263157894737
3,RRT_1_per_Pa,0.1,320,0.22526506927698275,0.8770535389870304,2.12806249387585,0.7375120264289179,0.4861111111111111
3,peak_WSS_magnitude_Pa,0.01,32,0.18129316427412334,0.7402564479936745,1.6887275867960736,0.6618208086814402,0.5047318611987381
3,peak_WSS_magnitude_Pa,0.02,64,0.269849138779478,0.7269731121162193,1.5899607244696805,0.6470116112359767,0.4840764331210191
3,peak_WSS_magnitude_Pa,0.05,160,0.3669807707537639,0.5820144552512755,1.499127842063455,0.7960543244388409,0.6085526315789473
3,peak_WSS_magnitude_Pa,0.1,320,0.46925000921350957,0.5301111854774602,1.3874035168472327,0.8324373897082606,0.6284722222222222
3,VM_cycle_max_Pa,0.01,32,-0.07668701768545305,1151.1772570258588,1538.564279828388,0.23643438918399626,0.2113564668769716
3,VM_cycle_max_Pa,0.02,64,0.03218411345264649,1066.2687665244168,1459.089385031897,0.3114838145795884,0.30254777070063693
3,VM_cycle_max_Pa,0.05,160,0.31306401377677295,914.5952970610975,1235.715153470096,0.5087638324726101,0.48026315789473684
3,VM_cycle_max_Pa,0.1,320,0.4192391049445162,840.0228701295083,1145.3995922491247,0.6059939114819003,0.4548611111111111
3,VM_stress_amplitude_Pa,0.01,32,-0.07668702341952383,575.5886295606022,769.2821409907277,0.23643438918399626,0.2113564668769716
3,VM_stress_amplitude_Pa,0.02,64,0.03218411261858367,533.1343830094667,729.5446918972664,0.3114838145795884,0.30254777070063693
3,VM_stress_amplitude_Pa,0.05,160,0.3130640124707702,457.297648660221,617.8575765468919,0.5087638324726101,0.48026315789473684
3,VM_stress_amplitude_Pa,0.1,320,0.4192391041767638,420.01143516151495,572.6997958049518,0.6059939114819003,0.4548611111111111
3,VM_temporal_mean_Pa,0.01,32,-0.05982204856676954,271.40146338931817,367.83263737109877,0.4239492746483164,0.07886435331230283
3,VM_temporal_mean_Pa,0.02,64,0.1540673950713649,239.20688882030979,328.13889440299835,0.4671483210877721,0.24203821656050956
3,VM_temporal_mean_Pa,0.05,160,0.3550152571501065,209.16926588119549,287.65872643939394,0.6191501611111819,0.34868421052631576
3,VM_temporal_mean_Pa,0.1,320,0.43153376536125954,191.61826431954435,272.14808722492296,0.7023580295355604,0.3958333333333333
